,ID,Name,FoodPreference,Age,Sex,Kitchen,Kitchen_Story,Kitchen_Longitude,Kitchen_Latitude,,,,
0,0a650485-7b55-4016-909e-3b1e47cf62b4,Person1,veggie,30,female,yes,8,112.083333,-7.216667,,,,
1,1836d0a1-4a1e-40bc-810a-3ae011f961b0,Person2,veggie,30,male,yes,8,112.083333,-7.216667,,,,
2,14a89517-2e29-4bda-8ee6-733d502a41f5,Person3,meat,21,male,yes,8,112.083333,-7.216667,,,,
3,3149d95e-620a-46f4-a52b-e3e0eb46c767,Person4,meat,23,female,yes,8,112.083333,-7.216667,,,,
4,0c6a98a2-8c1f-4865-a43c-dc11c56f45dc,Person5,vegan,30,male,no,1,7.1232321333,50.312312321,,,,
5,347c3414-68d9-4c04-b250-3f3d0962b62f,Person6,veggie,30,female,no,1,8.12323123,50.35123213,,,,
6,34dd657f-1127-4cdb-8bbb-2c0093032e4f,Person7,meat,20,female,no,1,9.12321323,50.893123213,,,,
7,2e4c6d4f-caf8-4b18-96c0-748a4011a738,Person8,none,22,male,no,1,8.12368585,50.783473733,,,,